{
  "__version__": "1.0.1",
  "information": {
    "customSplash": {
      "id": "customSplash",
      "label": "customSplash",
      "enable": true,
      "customSplash": {
        "complete": true,
        "form": "https://creator-api.cocos.com/api/form/show?sid=30095539f559ea7f94e0a2516c3a80cf"
      }
    },
    "removeSplash": {
      "id": "removeSplash",
      "label": "removeSplash",
      "enable": true,
      "removeSplash": {
        "complete": true,
        "form": "https://creator-api.cocos.com/api/form/show?sid=30095539f559ea7f94e0a2516c3a80cf"
      }
    }
  }
}
