{
  "__version__": "1.3.9",
  "log": {
    "level": 4
  },
  "common": {
    "polyfills": {
      "asyncFunctions": true
    },
    "buildPath": "project://build",
    "outputName": "web-mobile",
    "mainBundleCompressionType": "merge_all_json",
    "platform": "web-mobile",
    "inlineEnum": true,
    "useSplashScreen": false,
    "md5Cache": true,
    "overwriteProjectSettings": {
      "includeModules": {
        "gfx-webgl2": "inherit-project-setting"
      }
    },
    "nativeCodeBundleMode": "asmjs"
  },
  "BuildTaskManager": {
    "taskMap": {
      "1740981920416": {
        "type": "build",
        "id": "1740981920416",
        "progress": 1,
        "state": "success",
        "stage": "build",
        "message": "2025-7-24 18:18:49 build success in 38 s!",
        "detailMessage": "super-html : \rengine version 3.8.6\r",
        "options": {
          "name": "CCTemplate",
          "server": "",
          "platform": "web-mobile",
          "buildPath": "project://build",
          "debug": false,
          "buildMode": "normal",
          "mangleProperties": false,
          "md5Cache": true,
          "skipCompressTexture": false,
          "sourceMaps": false,
          "overwriteProjectSettings": {
            "includeModules": {
              "gfx-webgl2": "inherit-project-setting",
              "physics": "inherit-project-setting",
              "physics-2d": "inherit-project-setting"
            },
            "macroConfig": {
              "cleanupImageCache": "inherit-project-setting"
            }
          },
          "nativeCodeBundleMode": "asmjs",
          "polyfills": {
            "asyncFunctions": true
          },
          "experimentalEraseModules": false,
          "startSceneAssetBundle": false,
          "bundleConfigs": [],
          "inlineEnum": true,
          "useBuiltinServer": false,
          "md5CacheOptions": {
            "excludes": [],
            "includes": [],
            "replaceOnly": [],
            "handleTemplateMd5Link": true
          },
          "mainBundleIsRemote": false,
          "mainBundleCompressionType": "merge_all_json",
          "useSplashScreen": false,
          "bundleCommonChunk": false,
          "packAutoAtlas": true,
          "startScene": "a9905d99-85b1-4537-b34e-38de455c2666",
          "outputName": "web-mobile",
          "taskName": "web-mobile",
          "scenes": [
            {
              "url": "db://assets/scene/main.scene",
              "uuid": "a9905d99-85b1-4537-b34e-38de455c2666"
            }
          ],
          "wasmCompressionMode": false,
          "packages": {},
          "__version__": "1.3.9",
          "logDest": "project://temp/builder/log/web-mobile2025-3-3 14-05.log",
          "engineModulesConfigKey": "migrationsConfig"
        },
        "time": "2025-7-24 18:18:10",
        "dirty": false
      }
    }
  }
}
