{
  "__version__": "1.0.3",
  "builder": {
    "taskOptionsMap": {},
    "__version__": "1.3.9"
  },
  "gizmos-infos": {
    "is2D": true,
    "is3DIcon": false,
    "iconSize": 2,
    "gridVisible": true,
    "originAxis2D": {
      "x_visible": true,
      "y_visible": true,
      "z_visible": false
    },
    "originAxis3D": {
      "x_visible": true,
      "y_visible": false,
      "z_visible": true
    },
    "gridColor": [
      166,
      166,
      166,
      255
    ],
    "transformToolName": "position",
    "pivot": "pivot",
    "coordinate": "local",
    "toolsVisibility3d": true
  },
  "snap-configs": {
    "position": {
      "x": 1,
      "y": 1,
      "z": 1
    },
    "rotation": 1,
    "scale": 1,
    "isPositionSnapEnabled": false,
    "isRotationSnapEnabled": false,
    "isScaleSnapEnabled": false
  },
  "rect-snap-configs": {
    "enableSnapping": true,
    "snapThreshold": 4
  },
  "camera-infos": {
    "c0f35364-f79e-4783-8d14-de014e8841a9": {
      "position": {
        "x": 22.66789684967287,
        "y": 22.667896849672868,
        "z": 22.667896849672864
      },
      "rotation": {
        "x": -0.27984814233312133,
        "y": 0.3647051996310009,
        "z": 0.11591689595929512,
        "w": 0.8804762392171493
      },
      "viewCenter": {
        "x": 0,
        "y": 0,
        "z": 0
      },
      "contentRect": {
        "x": 0,
        "y": 0,
        "width": 892,
        "height": 633
      },
      "scale": 1
    },
    "7b40c929-1f1b-4ad9-bccb-4830fdb1283b": {
      "position": {
        "x": 23.510924085992116,
        "y": 23.510924085992112,
        "z": 23.51092408599211
      },
      "rotation": {
        "x": -0.27984814233312133,
        "y": 0.3647051996310009,
        "z": 0.11591689595929512,
        "w": 0.8804762392171493
      },
      "viewCenter": {
        "x": 0,
        "y": 0,
        "z": 0
      },
      "contentRect": {
        "x": 0,
        "y": 0,
        "width": 892,
        "height": 633
      },
      "scale": 1
    },
    "2383e477-a9c7-40e8-8111-3a6c5145862d": {
      "position": {
        "x": 536.1229116620024,
        "y": 583.5764199957289,
        "z": 5000
      },
      "rotation": {
        "x": 0,
        "y": 0,
        "z": 0,
        "w": 1
      },
      "viewCenter": {
        "x": 360,
        "y": 640,
        "z": 0
      },
      "contentRect": {
        "x": -732.0400722547246,
        "y": -52.80246867262866,
        "width": 1104,
        "height": 554
      },
      "scale": 0.43527528164806195
    },
    "7c0c72af-8586-44d3-bb9a-540c5aa92bec": {
      "position": {
        "x": 616.0650098168724,
        "y": 768.8939315491606,
        "z": 5000
      },
      "rotation": {
        "x": 0,
        "y": 0,
        "z": 0,
        "w": 1
      },
      "viewCenter": {
        "x": 0,
        "y": 0,
        "z": 0
      },
      "contentRect": {
        "x": -1527.3893955949354,
        "y": -453.92263244047047,
        "width": 1064,
        "height": 607
      },
      "scale": 0.2481974884358645
    },
    "2aeec73c-8917-4dea-a81e-5d408009c216": {
      "position": {
        "x": 360,
        "y": 640,
        "z": 5000
      },
      "rotation": {
        "x": 0,
        "y": 0,
        "z": 0,
        "w": 1
      },
      "viewCenter": {
        "x": 0,
        "y": 0,
        "z": 0
      },
      "contentRect": {
        "x": 310,
        "y": 590,
        "width": 392,
        "height": 392
      },
      "scale": 3.92
    },
    "c5423a76-0d53-4b7c-8efb-65015e273f04": {
      "position": {
        "x": 540,
        "y": 960,
        "z": 5000
      },
      "rotation": {
        "x": 0,
        "y": 0,
        "z": 0,
        "w": 1
      },
      "viewCenter": {
        "x": 0,
        "y": 0,
        "z": 0
      },
      "contentRect": {
        "x": 464.5,
        "y": 884,
        "width": 422.10460526315785,
        "height": 424.9
      },
      "scale": 2.795394736842105
    },
    "72f74129-d66f-452c-b63f-a77476672ae0": {
      "position": {
        "x": 577.4647947072194,
        "y": 975.5560343240846,
        "z": 5000
      },
      "rotation": {
        "x": 0,
        "y": 0,
        "z": 0,
        "w": 1
      },
      "viewCenter": {
        "x": 0,
        "y": 0,
        "z": 0
      },
      "contentRect": {
        "x": 230.99032412120977,
        "y": 792.2468667466028,
        "width": 1204,
        "height": 637
      },
      "scale": 1.737501752962656
    },
    "0280429a-bf32-42d3-8aa6-3233d59c2f86": {
      "position": {
        "x": 540,
        "y": 959.9999999999999,
        "z": 5000
      },
      "rotation": {
        "x": 0,
        "y": 0,
        "z": 0,
        "w": 1
      },
      "viewCenter": {
        "x": 0,
        "y": 0,
        "z": 0
      },
      "contentRect": {
        "x": 490,
        "y": 909.9999999999999,
        "width": 399.70000000000005,
        "height": 399.70000000000005
      },
      "scale": 3.9970000000000003
    },
    "2096e2d7-6004-4106-92d8-9a6c2f2cbafb": {
      "position": {
        "x": 629.793942229298,
        "y": 1016.7806710928356,
        "z": 5000
      },
      "rotation": {
        "x": 0,
        "y": 0,
        "z": 0,
        "w": 1
      },
      "viewCenter": {
        "x": 0,
        "y": 0,
        "z": 0
      },
      "contentRect": {
        "x": -191.08522900579834,
        "y": 595.6467925885769,
        "width": 1113,
        "height": 571
      },
      "scale": 0.6779316853206168
    },
    "29c687f8-f04e-4e64-8b95-fa63abb1e560": {
      "position": {
        "x": 633.3917594252802,
        "y": 1052.9057441490472,
        "z": 5000
      },
      "rotation": {
        "x": 0,
        "y": 0,
        "z": 0,
        "w": 1
      },
      "viewCenter": {
        "x": 0,
        "y": 0,
        "z": 0
      },
      "contentRect": {
        "x": 465.3331898093514,
        "y": 968.4989692925295,
        "width": 1113,
        "height": 559
      },
      "scale": 3.3113455700104586
    },
    "4e24f155-44b2-43a4-aee9-2cc5e5116435": {
      "position": {
        "x": 671.4547260079626,
        "y": 1069.4463335755208,
        "z": 5000
      },
      "rotation": {
        "x": 0,
        "y": 0,
        "z": 0,
        "w": 1
      },
      "viewCenter": {
        "x": 0,
        "y": 0,
        "z": 0
      },
      "contentRect": {
        "x": 540.9856786572162,
        "y": 990.1089256550989,
        "width": 939,
        "height": 571
      },
      "scale": 3.598554672801591
    },
    "4bb37db1-71a1-43c8-9fa9-b13bea1fc842": {
      "position": {
        "x": 628.7903576566307,
        "y": 1067.776988243428,
        "z": 5000
      },
      "rotation": {
        "x": 0,
        "y": 0,
        "z": 0,
        "w": 1
      },
      "viewCenter": {
        "x": 0,
        "y": 0,
        "z": 0
      },
      "contentRect": {
        "x": 439.0523546011157,
        "y": 959.5335974025467,
        "width": 1064,
        "height": 607
      },
      "scale": 2.8038663390187755
    },
    "bff9c6aa-b41b-436e-ace3-d37bac41c8df": {
      "position": {
        "x": 608.349,
        "y": 1048.6839999999997,
        "z": 5000
      },
      "rotation": {
        "x": 0,
        "y": 0,
        "z": 0,
        "w": 1
      },
      "viewCenter": {
        "x": 0,
        "y": 0,
        "z": 0
      },
      "contentRect": {
        "x": 563.349,
        "y": 1002.684,
        "width": 415.6630434782608,
        "height": 424.9
      },
      "scale": 4.618478260869565
    },
    "875d6bd2-dfea-42c1-8fcb-a317e83186e0": {
      "position": {
        "x": 608.349,
        "y": 1048.6839999999997,
        "z": 5000
      },
      "rotation": {
        "x": 0,
        "y": 0,
        "z": 0,
        "w": 1
      },
      "viewCenter": {
        "x": 0,
        "y": 0,
        "z": 0
      },
      "contentRect": {
        "x": 563.349,
        "y": 1002.684,
        "width": 415.6630434782608,
        "height": 424.9
      },
      "scale": 4.618478260869565
    },
    "c7f7eaff-5aec-45b9-b9b4-c797664cf0f4": {
      "position": {
        "x": 608.349,
        "y": 1048.6839999999997,
        "z": 5000
      },
      "rotation": {
        "x": 0,
        "y": 0,
        "z": 0,
        "w": 1
      },
      "viewCenter": {
        "x": 0,
        "y": 0,
        "z": 0
      },
      "contentRect": {
        "x": 563.349,
        "y": 1002.684,
        "width": 415.6630434782608,
        "height": 424.9
      },
      "scale": 4.618478260869565
    },
    "68f7886a-8d04-4de6-b8dd-19280084c6a6": {
      "position": {
        "x": 608.349,
        "y": 1048.6839999999997,
        "z": 5000
      },
      "rotation": {
        "x": 0,
        "y": 0,
        "z": 0,
        "w": 1
      },
      "viewCenter": {
        "x": 0,
        "y": 0,
        "z": 0
      },
      "contentRect": {
        "x": 563.349,
        "y": 1002.684,
        "width": 415.6630434782608,
        "height": 424.9
      },
      "scale": 4.618478260869565
    },
    "45cae054-1693-44d6-a537-0bd31e8cd4e2": {
      "position": {
        "x": 648.5487742219947,
        "y": 1064.1628181528085,
        "z": 5000
      },
      "rotation": {
        "x": 0,
        "y": 0,
        "z": 0,
        "w": 1
      },
      "viewCenter": {
        "x": 0,
        "y": 0,
        "z": 0
      },
      "contentRect": {
        "x": 442.35387155549114,
        "y": 940.7171856353623,
        "width": 1064,
        "height": 637
      },
      "scale": 2.5800831791678602
    },
    "4c2169ed-ada9-4b49-97e7-e122d4e60fe7": {
      "position": {
        "x": 535.9917836975185,
        "y": 720.6548347191343,
        "z": 5000
      },
      "rotation": {
        "x": 0,
        "y": 0,
        "z": 0,
        "w": 1
      },
      "viewCenter": {
        "x": 0,
        "y": 0,
        "z": 0
      },
      "contentRect": {
        "x": -514.5390603975861,
        "y": 71.9295912501489,
        "width": 936,
        "height": 578
      },
      "scale": 0.44548906167826136
    },
    "9862855d-f6fa-405f-b1af-82561557f068": {
      "position": {
        "x": 568.9381084192482,
        "y": 960.6887124198382,
        "z": 5000
      },
      "rotation": {
        "x": 0,
        "y": 0,
        "z": 0,
        "w": 1
      },
      "viewCenter": {
        "x": 0,
        "y": 0,
        "z": 0
      },
      "contentRect": {
        "x": 515.1893910977701,
        "y": 927.4977309969596,
        "width": 936,
        "height": 578
      },
      "scale": 8.7071845305783
    },
    "ada8e7d7-cb27-4bef-b2c2-522742c1b9ad": {
      "position": {
        "x": 2305.0753597217363,
        "y": 1488.6699145060263,
        "z": 5000
      },
      "rotation": {
        "x": 0,
        "y": 0,
        "z": 0,
        "w": 1
      },
      "viewCenter": {
        "x": 0,
        "y": 0,
        "z": 0
      },
      "contentRect": {
        "x": -3729.6017490677996,
        "y": -1662.0455734858417,
        "width": 1199,
        "height": 626
      },
      "scale": 0.09934251480113582
    },
    "3c6242b6-5559-4403-a964-cee52b35e312": {
      "position": {
        "x": 561.4512175853481,
        "y": 978.8928585858074,
        "z": 5000
      },
      "rotation": {
        "x": 0,
        "y": 0,
        "z": 0,
        "w": 1
      },
      "viewCenter": {
        "x": 0,
        "y": 0,
        "z": 0
      },
      "contentRect": {
        "x": 73.04413721622022,
        "y": 677.2910504091451,
        "width": 936,
        "height": 578
      },
      "scale": 0.95821706689079
    },
    "2e2207b2-7b72-45d9-abb3-7739bb2d46bb": {
      "position": {
        "x": 492.48579822910756,
        "y": 1017.1719543912192,
        "z": 5000
      },
      "rotation": {
        "x": 0,
        "y": 0,
        "z": 0,
        "w": 1
      },
      "viewCenter": {
        "x": 0,
        "y": 0,
        "z": 0
      },
      "contentRect": {
        "x": -600.3556561436486,
        "y": 342.31900500291465,
        "width": 936,
        "height": 578
      },
      "scale": 0.4282414417273472
    },
    "16f882de-8a60-4bef-9912-9bd49bc2149d": {
      "position": {
        "x": 532,
        "y": 303.5,
        "z": 5000
      },
      "rotation": {
        "x": 0,
        "y": 0,
        "z": 0,
        "w": 1
      },
      "viewCenter": {
        "x": 0,
        "y": 0,
        "z": 0
      },
      "contentRect": {
        "x": 0,
        "y": 0,
        "width": 1043,
        "height": 626
      },
      "scale": 1
    },
    "4d106cb1-2bfc-409c-9d78-7d3a4c8deb78": {
      "position": {
        "x": 627.692751001035,
        "y": 1118.0935076031708,
        "z": 5000
      },
      "rotation": {
        "x": 0,
        "y": 0,
        "z": 0,
        "w": 1
      },
      "viewCenter": {
        "x": 0,
        "y": 0,
        "z": 0
      },
      "contentRect": {
        "x": -2068.976783396833,
        "y": -500.4253116998644,
        "width": 1043,
        "height": 626
      },
      "scale": 0.19338669174991968
    },
    "1b41b81d-5f30-49a0-b605-98da967d37a2": {
      "position": {
        "x": 1287.5856282243203,
        "y": 998.4129355631663,
        "z": 5000
      },
      "rotation": {
        "x": 0,
        "y": 0,
        "z": 0,
        "w": 1
      },
      "viewCenter": {
        "x": 0,
        "y": 0,
        "z": 0
      },
      "contentRect": {
        "x": -995.8066590178851,
        "y": -372.0602876521937,
        "width": 1043,
        "height": 626
      },
      "scale": 0.22838826377479268
    },
    "083d7e7c-1e0d-4be4-88b5-72742dfe287c": {
      "position": {
        "x": 564.25,
        "y": 931.5,
        "z": 5000
      },
      "rotation": {
        "x": 0,
        "y": 0,
        "z": 0,
        "w": 1
      },
      "viewCenter": {
        "x": 0,
        "y": 0,
        "z": 0
      },
      "contentRect": {
        "x": 479.5,
        "y": 852,
        "width": 387.2915094339623,
        "height": 363.30000000000007
      },
      "scale": 2.2849056603773588
    },
    "a9905d99-85b1-4537-b34e-38de455c2666": {
      "position": {
        "x": 332.9973414039255,
        "y": 869.0491861827248,
        "z": 5000
      },
      "rotation": {
        "x": 0,
        "y": 0,
        "z": 0,
        "w": 1
      },
      "viewCenter": {
        "x": 0,
        "y": 0,
        "z": 0
      },
      "contentRect": {
        "x": -2228.374459287418,
        "y": -419.0825624207706,
        "width": 1032,
        "height": 519
      },
      "scale": 0.2014545486370724
    }
  },
  "camera-uuids": [
    "c0f35364-f79e-4783-8d14-de014e8841a9",
    "7b40c929-1f1b-4ad9-bccb-4830fdb1283b",
    "2383e477-a9c7-40e8-8111-3a6c5145862d",
    "7c0c72af-8586-44d3-bb9a-540c5aa92bec",
    "2aeec73c-8917-4dea-a81e-5d408009c216",
    "c5423a76-0d53-4b7c-8efb-65015e273f04",
    "72f74129-d66f-452c-b63f-a77476672ae0",
    "0280429a-bf32-42d3-8aa6-3233d59c2f86",
    "2096e2d7-6004-4106-92d8-9a6c2f2cbafb",
    "29c687f8-f04e-4e64-8b95-fa63abb1e560",
    "4e24f155-44b2-43a4-aee9-2cc5e5116435",
    "4bb37db1-71a1-43c8-9fa9-b13bea1fc842",
    "bff9c6aa-b41b-436e-ace3-d37bac41c8df",
    "875d6bd2-dfea-42c1-8fcb-a317e83186e0",
    "c7f7eaff-5aec-45b9-b9b4-c797664cf0f4",
    "68f7886a-8d04-4de6-b8dd-19280084c6a6",
    "45cae054-1693-44d6-a537-0bd31e8cd4e2",
    "4c2169ed-ada9-4b49-97e7-e122d4e60fe7",
    "9862855d-f6fa-405f-b1af-82561557f068",
    "ada8e7d7-cb27-4bef-b2c2-522742c1b9ad",
    "3c6242b6-5559-4403-a964-cee52b35e312",
    "2e2207b2-7b72-45d9-abb3-7739bb2d46bb",
    "16f882de-8a60-4bef-9912-9bd49bc2149d",
    "4d106cb1-2bfc-409c-9d78-7d3a4c8deb78",
    "1b41b81d-5f30-49a0-b605-98da967d37a2",
    "083d7e7c-1e0d-4be4-88b5-72742dfe287c",
    "a9905d99-85b1-4537-b34e-38de455c2666"
  ],
  "camera": {
    "color": [
      48,
      48,
      48,
      255
    ],
    "fov": 45,
    "far": 10000,
    "near": 0.01,
    "wheelSpeed": 0.01,
    "wanderSpeed": 10,
    "enableAcceleration": true,
    "size": "__default_design__",
    "far2D": 10000,
    "near2D": 1,
    "wheelSpeed2D": 6,
    "iso": 0,
    "aperture": 19,
    "shutter": 7
  },
  "float-window": {
    "position": {
      "cc": {
        "Camera": {
          "dock": false,
          "top": null,
          "bottom": 10,
          "left": null,
          "right": 10
        }
      }
    }
  }
}
