{
  "__version__": "1.0.1",
  "builder": {
    "common": {
      "polyfills": {
        "asyncFunctions": true
      },
      "buildPath": "project://build",
      "outputName": "web-mobile",
      "mainBundleCompressionType": "merge_all_json",
      "platform": "web-mobile",
      "inlineEnum": true,
      "useSplashScreen": false,
      "md5Cache": true,
      "overwriteProjectSettings": {
        "includeModules": {
          "gfx-webgl2": "inherit-project-setting"
        }
      },
      "nativeCodeBundleMode": "asmjs"
    },
    "taskOptionsMap": {
      "1740981920416": {
        "useWebGPU": false,
        "orientation": "auto",
        "embedWebDebugger": false,
        "__version__": "1.0.1"
      }
    },
    "__version__": "1.3.9"
  }
}
