{
  "__version__": "1.0.1",
  "builder": {},
  "gizmos-infos": {
    "is2D": true,
    "is3DIcon": false,
    "iconSize": 2,
    "gridVisible": true,
    "gridColor": [
      166,
      166,
      166,
      255
    ],
    "transformToolName": "position",
    "pivot": "pivot",
    "coordinate": "local",
    "toolsVisibility3d": true
  },
  "snap-configs": {
    "position": {
      "x": 1,
      "y": 1,
      "z": 1
    },
    "rotation": 1,
    "scale": 1,
    "isPositionSnapEnabled": false,
    "isRotationSnapEnabled": false,
    "isScaleSnapEnabled": false
  },
  "rect-snap-configs": {
    "enableSnapping": true,
    "snapThreshold": 4
  },
  "float-window": {
    "position": {
      "cc": {
        "Camera": {
          "dock": false,
          "top": null,
          "bottom": 10,
          "left": null,
          "right": 10
        }
      }
    }
  },
  "camera-infos": {
    "07ed6b6e-7e62-4695-864e-e6787483f13e": {
      "position": {
        "x": 249.80168594767292,
        "y": 660.4654011811438,
        "z": 5000
      },
      "rotation": {
        "x": 0,
        "y": 0,
        "z": 0,
        "w": 1
      },
      "viewCenter": {
        "x": 360,
        "y": 640,
        "z": 0
      },
      "contentRect": {
        "x": 0,
        "y": 0,
        "width": 962,
        "height": 647
      },
      "scale": 1
    },
    "04f4e268-bc45-4d46-b61a-b350363de637": {
      "position": {
        "x": 22.17740140008356,
        "y": 22.177401400083554,
        "z": 22.17740140008355
      },
      "rotation": {
        "x": -0.27984814233312133,
        "y": 0.3647051996310009,
        "z": 0.11591689595929512,
        "w": 0.8804762392171493
      },
      "viewCenter": {
        "x": 0,
        "y": 0,
        "z": 0
      },
      "contentRect": {
        "x": 0,
        "y": 0,
        "width": 962,
        "height": 647
      },
      "scale": 1
    },
    "64ea203f-d196-40bc-81be-8d4c7195b34b": {
      "position": {
        "x": 1084.4421347281811,
        "y": 692.4514707692254,
        "z": 5000
      },
      "rotation": {
        "x": 0,
        "y": 0,
        "z": 0,
        "w": 1
      },
      "viewCenter": {
        "x": 360,
        "y": 640,
        "z": 0
      },
      "contentRect": {
        "x": -108.25050975615393,
        "y": -100.20332139026912,
        "width": 681.4700472766015,
        "height": 452.9
      },
      "scale": 0.2856855244425681
    },
    "89bed20d-038b-4410-9e24-d8ee80459753": {
      "position": {
        "x": 362.81508319492673,
        "y": 711.2653261699305,
        "z": 5000
      },
      "rotation": {
        "x": 0,
        "y": 0,
        "z": 0,
        "w": 1
      },
      "viewCenter": {
        "x": 0,
        "y": 0,
        "z": 0
      },
      "contentRect": {
        "x": -878.2926297031538,
        "y": 81.95757519417975,
        "width": 893.2,
        "height": 452.9
      },
      "scale": 0.3598398393296221
    }
  },
  "camera-uuids": [
    "07ed6b6e-7e62-4695-864e-e6787483f13e",
    "04f4e268-bc45-4d46-b61a-b350363de637",
    "64ea203f-d196-40bc-81be-8d4c7195b34b",
    "89bed20d-038b-4410-9e24-d8ee80459753"
  ],
  "camera": {
    "color": [
      48,
      48,
      48,
      255
    ],
    "fov": 45,
    "far": 10000,
    "near": 0.01,
    "wheelSpeed": 0.01,
    "wanderSpeed": 10,
    "enableAcceleration": true,
    "size": "__default_design__",
    "far2D": 10000,
    "near2D": 1,
    "wheelSpeed2D": 6,
    "iso": 0,
    "aperture": 19,
    "shutter": 7
  }
}
